DROP TABLE IF EXISTS "auth_group";
CREATE TABLE "auth_group" ("id" integer NOT NULL PRIMARY KEY AUTOINCREMENT, "name" varchar(80) NOT NULL UNIQUE);
DROP TABLE IF EXISTS "auth_group_permissions";
CREATE TABLE "auth_group_permissions" ("id" integer NOT NULL PRIMARY KEY AUTOINCREMENT, "group_id" integer NOT NULL REFERENCES "auth_group" ("id"), "permission_id" integer NOT NULL REFERENCES "auth_permission" ("id"));
DROP TABLE IF EXISTS "auth_permission";
CREATE TABLE "auth_permission" ("id" integer NOT NULL PRIMARY KEY AUTOINCREMENT, "content_type_id" integer NOT NULL REFERENCES "django_content_type" ("id"), "codename" varchar(100) NOT NULL, "name" varchar(255) NOT NULL);
INSERT INTO "auth_permission" VALUES(1,1,'add_logentry','Can add log entry');
INSERT INTO "auth_permission" VALUES(2,1,'change_logentry','Can change log entry');
INSERT INTO "auth_permission" VALUES(3,1,'delete_logentry','Can delete log entry');
INSERT INTO "auth_permission" VALUES(4,2,'add_permission','Can add permission');
INSERT INTO "auth_permission" VALUES(5,2,'change_permission','Can change permission');
INSERT INTO "auth_permission" VALUES(6,2,'delete_permission','Can delete permission');
INSERT INTO "auth_permission" VALUES(7,3,'add_group','Can add group');
INSERT INTO "auth_permission" VALUES(8,3,'change_group','Can change group');
INSERT INTO "auth_permission" VALUES(9,3,'delete_group','Can delete group');
INSERT INTO "auth_permission" VALUES(10,4,'add_user','Can add user');
INSERT INTO "auth_permission" VALUES(11,4,'change_user','Can change user');
INSERT INTO "auth_permission" VALUES(12,4,'delete_user','Can delete user');
INSERT INTO "auth_permission" VALUES(13,5,'add_contenttype','Can add content type');
INSERT INTO "auth_permission" VALUES(14,5,'change_contenttype','Can change content type');
INSERT INTO "auth_permission" VALUES(15,5,'delete_contenttype','Can delete content type');
INSERT INTO "auth_permission" VALUES(16,6,'add_session','Can add session');
INSERT INTO "auth_permission" VALUES(17,6,'change_session','Can change session');
INSERT INTO "auth_permission" VALUES(18,6,'delete_session','Can delete session');
INSERT INTO "auth_permission" VALUES(19,7,'add_component','Can add component');
INSERT INTO "auth_permission" VALUES(20,7,'change_component','Can change component');
INSERT INTO "auth_permission" VALUES(21,7,'delete_component','Can delete component');
INSERT INTO "auth_permission" VALUES(22,8,'add_database','Can add database');
INSERT INTO "auth_permission" VALUES(23,8,'change_database','Can change database');
INSERT INTO "auth_permission" VALUES(24,8,'delete_database','Can delete database');
INSERT INTO "auth_permission" VALUES(25,9,'add_categoryofaggregation','Can add category of aggregation');
INSERT INTO "auth_permission" VALUES(26,9,'change_categoryofaggregation','Can change category of aggregation');
INSERT INTO "auth_permission" VALUES(27,9,'delete_categoryofaggregation','Can delete category of aggregation');
INSERT INTO "auth_permission" VALUES(28,10,'add_levelofaggregation','Can add level of aggregation');
INSERT INTO "auth_permission" VALUES(29,10,'change_levelofaggregation','Can change level of aggregation');
INSERT INTO "auth_permission" VALUES(30,10,'delete_levelofaggregation','Can delete level of aggregation');
INSERT INTO "auth_permission" VALUES(31,11,'add_frequency','Can add frequency');
INSERT INTO "auth_permission" VALUES(32,11,'change_frequency','Can change frequency');
INSERT INTO "auth_permission" VALUES(33,11,'delete_frequency','Can delete frequency');
INSERT INTO "auth_permission" VALUES(34,12,'add_factor','Can add factor');
INSERT INTO "auth_permission" VALUES(35,12,'change_factor','Can change factor');
INSERT INTO "auth_permission" VALUES(36,12,'delete_factor','Can delete factor');
INSERT INTO "auth_permission" VALUES(37,13,'add_period','Can add period');
INSERT INTO "auth_permission" VALUES(38,13,'change_period','Can change period');
INSERT INTO "auth_permission" VALUES(39,13,'delete_period','Can delete period');
INSERT INTO "auth_permission" VALUES(40,14,'add_table','Can add table');
INSERT INTO "auth_permission" VALUES(41,14,'change_table','Can change table');
INSERT INTO "auth_permission" VALUES(42,14,'delete_table','Can delete table');
INSERT INTO "auth_permission" VALUES(43,15,'add_variable','Can add variable');
INSERT INTO "auth_permission" VALUES(44,15,'change_variable','Can change variable');
INSERT INTO "auth_permission" VALUES(45,15,'delete_variable','Can delete variable');
INSERT INTO "auth_permission" VALUES(46,16,'add_concattable','Can add concat table');
INSERT INTO "auth_permission" VALUES(47,16,'change_concattable','Can change concat table');
INSERT INTO "auth_permission" VALUES(48,16,'delete_concattable','Can delete concat table');
INSERT INTO "auth_permission" VALUES(49,17,'add_userrequest','Can add user request');
INSERT INTO "auth_permission" VALUES(50,17,'change_userrequest','Can change user request');
INSERT INTO "auth_permission" VALUES(51,17,'delete_userrequest','Can delete user request');
DROP TABLE IF EXISTS "auth_user";
CREATE TABLE "auth_user" ("id" integer NOT NULL PRIMARY KEY AUTOINCREMENT, "password" varchar(128) NOT NULL, "last_login" datetime NULL, "is_superuser" bool NOT NULL, "first_name" varchar(30) NOT NULL, "last_name" varchar(30) NOT NULL, "email" varchar(254) NOT NULL, "is_staff" bool NOT NULL, "is_active" bool NOT NULL, "date_joined" datetime NOT NULL, "username" varchar(30) NOT NULL UNIQUE);
INSERT INTO "auth_user" VALUES(1,'pbkdf2_sha256$24000$v5c1A7xEV3Wh$GPPCxzM3dXjLmS98Fv1GHo69VNPFf6f1PjskiDovC4s=','2017-01-21 17:08:00.659971',1,'','','adrs@gmail.com',1,1,'2017-01-21 17:07:39.710141','anastat');
DROP TABLE IF EXISTS "auth_user_groups";
CREATE TABLE "auth_user_groups" ("id" integer NOT NULL PRIMARY KEY AUTOINCREMENT, "user_id" integer NOT NULL REFERENCES "auth_user" ("id"), "group_id" integer NOT NULL REFERENCES "auth_group" ("id"));
DROP TABLE IF EXISTS "auth_user_user_permissions";
CREATE TABLE "auth_user_user_permissions" ("id" integer NOT NULL PRIMARY KEY AUTOINCREMENT, "user_id" integer NOT NULL REFERENCES "auth_user" ("id"), "permission_id" integer NOT NULL REFERENCES "auth_permission" ("id"));
DROP TABLE IF EXISTS "django_admin_log";
CREATE TABLE "django_admin_log" ("id" integer NOT NULL PRIMARY KEY AUTOINCREMENT, "object_id" text NULL, "object_repr" varchar(200) NOT NULL, "action_flag" smallint unsigned NOT NULL, "change_message" text NOT NULL, "content_type_id" integer NULL REFERENCES "django_content_type" ("id"), "user_id" integer NOT NULL REFERENCES "auth_user" ("id"), "action_time" datetime NOT NULL);
INSERT INTO "django_admin_log" VALUES(1,'1','MACRO',1,'Added.',7,1,'2017-01-21 18:16:00.428007');
INSERT INTO "django_admin_log" VALUES(2,'2','MICRO',1,'Added.',7,1,'2017-01-21 18:16:10.747398');
INSERT INTO "django_admin_log" VALUES(3,'1','Capital Market: Equities, Bonds and Funds',1,'Added.',8,1,'2017-01-21 18:22:05.597905');
INSERT INTO "django_admin_log" VALUES(4,'2','Companies''Financials: Banking',1,'Added.',8,1,'2017-01-21 18:22:45.471446');
INSERT INTO "django_admin_log" VALUES(5,'3','Companies''Financials: Insurance Sector',1,'Added.',8,1,'2017-01-21 18:23:19.880286');
INSERT INTO "django_admin_log" VALUES(6,'2','Companies''Financials: Banking Sector',2,'Changed name.',8,1,'2017-01-21 18:23:43.426840');
INSERT INTO "django_admin_log" VALUES(7,'4','Companies''Financials: Non-financial Sector',1,'Added.',8,1,'2017-01-21 18:24:25.950092');
INSERT INTO "django_admin_log" VALUES(8,'5','Corporate Governance and Social Responsibility',1,'Added.',8,1,'2017-01-21 18:25:32.202401');
INSERT INTO "django_admin_log" VALUES(9,'6','Job Vacancy and Business Environment Surveys',1,'Added.',8,1,'2017-01-21 18:26:04.324323');
INSERT INTO "django_admin_log" VALUES(10,'7','Survey and Research Resources',1,'Added.',8,1,'2017-01-21 18:26:38.081372');
INSERT INTO "django_admin_log" VALUES(11,'1','D',1,'Added.',11,1,'2017-01-21 18:41:59.838842');
INSERT INTO "django_admin_log" VALUES(12,'2','W',1,'Added.',11,1,'2017-01-21 18:42:13.123362');
INSERT INTO "django_admin_log" VALUES(13,'3','M',1,'Added.',11,1,'2017-01-21 18:42:41.079492');
INSERT INTO "django_admin_log" VALUES(14,'4','A',1,'Added.',11,1,'2017-01-21 18:42:59.457957');
INSERT INTO "django_admin_log" VALUES(15,'5','S',1,'Added.',11,1,'2017-01-21 18:43:11.872191');
INSERT INTO "django_admin_log" VALUES(16,'1','A',1,'Added.',9,1,'2017-01-21 18:45:59.065886');
INSERT INTO "django_admin_log" VALUES(17,'2','B',1,'Added.',9,1,'2017-01-21 18:46:07.167817');
INSERT INTO "django_admin_log" VALUES(18,'3','C',1,'Added.',9,1,'2017-01-21 18:46:13.924496');
INSERT INTO "django_admin_log" VALUES(19,'4','D',1,'Added.',9,1,'2017-01-21 18:46:19.944842');
INSERT INTO "django_admin_log" VALUES(20,'5','E',1,'Added.',9,1,'2017-01-21 18:46:25.883332');
INSERT INTO "django_admin_log" VALUES(21,'6','F',1,'Added.',9,1,'2017-01-21 18:46:31.896012');
INSERT INTO "django_admin_log" VALUES(22,'7','G',1,'Added.',9,1,'2017-01-21 18:46:42.901397');
INSERT INTO "django_admin_log" VALUES(23,'8','H',1,'Added.',9,1,'2017-01-21 18:46:50.766947');
INSERT INTO "django_admin_log" VALUES(24,'9','I',1,'Added.',9,1,'2017-01-21 18:47:00.004076');
INSERT INTO "django_admin_log" VALUES(25,'10','J',1,'Added.',9,1,'2017-01-21 18:47:08.739230');
INSERT INTO "django_admin_log" VALUES(26,'11','K',1,'Added.',9,1,'2017-01-21 18:47:14.420397');
INSERT INTO "django_admin_log" VALUES(27,'12','L',1,'Added.',9,1,'2017-01-21 18:47:25.503049');
INSERT INTO "django_admin_log" VALUES(28,'13','M',1,'Added.',9,1,'2017-01-21 18:47:32.065712');
INSERT INTO "django_admin_log" VALUES(29,'14','N',1,'Added.',9,1,'2017-01-21 18:47:38.834876');
INSERT INTO "django_admin_log" VALUES(30,'15','O',1,'Added.',9,1,'2017-01-21 18:47:44.124277');
INSERT INTO "django_admin_log" VALUES(31,'16','P',1,'Added.',9,1,'2017-01-21 18:47:50.603696');
INSERT INTO "django_admin_log" VALUES(32,'17','Q',1,'Added.',9,1,'2017-01-21 18:47:55.890736');
INSERT INTO "django_admin_log" VALUES(33,'18','R',1,'Added.',9,1,'2017-01-21 18:48:03.017933');
INSERT INTO "django_admin_log" VALUES(34,'19','S',1,'Added.',9,1,'2017-01-21 18:48:09.629757');
INSERT INTO "django_admin_log" VALUES(35,'20','T',1,'Added.',9,1,'2017-01-21 18:48:15.532599');
INSERT INTO "django_admin_log" VALUES(36,'21','U',1,'Added.',9,1,'2017-01-21 18:48:19.763264');
INSERT INTO "django_admin_log" VALUES(37,'22','V',1,'Added.',9,1,'2017-01-21 18:48:24.005611');
INSERT INTO "django_admin_log" VALUES(38,'23','W',1,'Added.',9,1,'2017-01-21 18:48:28.041421');
INSERT INTO "django_admin_log" VALUES(39,'24','X',1,'Added.',9,1,'2017-01-21 18:48:33.315038');
INSERT INTO "django_admin_log" VALUES(40,'25','Y',1,'Added.',9,1,'2017-01-21 18:48:37.970157');
INSERT INTO "django_admin_log" VALUES(41,'26','Z',1,'Added.',9,1,'2017-01-21 18:48:45.240307');
INSERT INTO "django_admin_log" VALUES(42,'1','FIRM LEVEL',1,'Added.',10,1,'2017-01-21 18:49:47.955490');
INSERT INTO "django_admin_log" VALUES(43,'2','SUB-SECTOR',1,'Added.',10,1,'2017-01-21 18:50:07.905343');
INSERT INTO "django_admin_log" VALUES(44,'3','SECTOR',1,'Added.',10,1,'2017-01-21 18:50:20.946910');
INSERT INTO "django_admin_log" VALUES(45,'4','MARKET',1,'Added.',10,1,'2017-01-21 18:50:35.765485');
INSERT INTO "django_admin_log" VALUES(46,'5','IDUSTRIAL',1,'Added.',10,1,'2017-01-21 18:50:54.809893');
DROP TABLE IF EXISTS "django_content_type";
CREATE TABLE "django_content_type" ("id" integer NOT NULL PRIMARY KEY AUTOINCREMENT, "app_label" varchar(100) NOT NULL, "model" varchar(100) NOT NULL);
INSERT INTO "django_content_type" VALUES(1,'admin','logentry');
INSERT INTO "django_content_type" VALUES(2,'auth','permission');
INSERT INTO "django_content_type" VALUES(3,'auth','group');
INSERT INTO "django_content_type" VALUES(4,'auth','user');
INSERT INTO "django_content_type" VALUES(5,'contenttypes','contenttype');
INSERT INTO "django_content_type" VALUES(6,'sessions','session');
INSERT INTO "django_content_type" VALUES(7,'sales','component');
INSERT INTO "django_content_type" VALUES(8,'sales','database');
INSERT INTO "django_content_type" VALUES(9,'sales','categoryofaggregation');
INSERT INTO "django_content_type" VALUES(10,'sales','levelofaggregation');
INSERT INTO "django_content_type" VALUES(11,'sales','frequency');
INSERT INTO "django_content_type" VALUES(12,'sales','factor');
INSERT INTO "django_content_type" VALUES(13,'sales','period');
INSERT INTO "django_content_type" VALUES(14,'sales','table');
INSERT INTO "django_content_type" VALUES(15,'sales','variable');
INSERT INTO "django_content_type" VALUES(16,'sales','concattable');
INSERT INTO "django_content_type" VALUES(17,'sales','userrequest');
DROP TABLE IF EXISTS "django_migrations";
CREATE TABLE "django_migrations" ("id" integer NOT NULL PRIMARY KEY AUTOINCREMENT, "app" varchar(255) NOT NULL, "name" varchar(255) NOT NULL, "applied" datetime NOT NULL);
INSERT INTO "django_migrations" VALUES(1,'contenttypes','0001_initial','2017-01-21 17:03:56.186014');
INSERT INTO "django_migrations" VALUES(2,'auth','0001_initial','2017-01-21 17:03:56.420427');
INSERT INTO "django_migrations" VALUES(3,'admin','0001_initial','2017-01-21 17:03:56.670440');
INSERT INTO "django_migrations" VALUES(4,'admin','0002_logentry_remove_auto_add','2017-01-21 17:03:56.904802');
INSERT INTO "django_migrations" VALUES(5,'contenttypes','0002_remove_content_type_name','2017-01-21 17:03:57.232968');
INSERT INTO "django_migrations" VALUES(6,'auth','0002_alter_permission_name_max_length','2017-01-21 17:03:57.545463');
INSERT INTO "django_migrations" VALUES(7,'auth','0003_alter_user_email_max_length','2017-01-21 17:03:57.779873');
INSERT INTO "django_migrations" VALUES(8,'auth','0004_alter_user_username_opts','2017-01-21 17:03:57.998617');
INSERT INTO "django_migrations" VALUES(9,'auth','0005_alter_user_last_login_null','2017-01-21 17:03:58.233004');
INSERT INTO "django_migrations" VALUES(10,'auth','0006_require_contenttypes_0002','2017-01-21 17:03:58.326756');
INSERT INTO "django_migrations" VALUES(11,'auth','0007_alter_validators_add_error_messages','2017-01-21 17:03:58.592390');
INSERT INTO "django_migrations" VALUES(12,'sales','0001_initial','2017-01-21 17:03:59.029939');
INSERT INTO "django_migrations" VALUES(13,'sessions','0001_initial','2017-01-21 17:03:59.217448');
DROP TABLE IF EXISTS "django_session";
CREATE TABLE "django_session" ("session_key" varchar(40) NOT NULL PRIMARY KEY, "session_data" text NOT NULL, "expire_date" datetime NOT NULL);
INSERT INTO "django_session" VALUES('70al5k9v7kq848e0j2n1lt14fzcsk6h7','YTQ5ZWM4ZDNlNTU3MzA1MGRiNzBhMmNmODA3MmM4OTc4MjY2YTgwZDp7Il9hdXRoX3VzZXJfaGFzaCI6IjhjY2VjZWY0ODE4ZDhmZjM0YTEwMjU5OTMzMjc0Yjg4MzlkOWJhNDUiLCJfYXV0aF91c2VyX2lkIjoiMSIsIl9hdXRoX3VzZXJfYmFja2VuZCI6ImRqYW5nby5jb250cmliLmF1dGguYmFja2VuZHMuTW9kZWxCYWNrZW5kIn0=','2017-02-04 17:08:00.739978');
DROP TABLE IF EXISTS "sales_categoryofaggregation";
CREATE TABLE "sales_categoryofaggregation" ("id" integer NOT NULL PRIMARY KEY AUTOINCREMENT, "name" varchar(200) NOT NULL, "code" varchar(5) NULL, "description" text NOT NULL);
INSERT INTO "sales_categoryofaggregation" VALUES(1,'A','1','description goes here');
INSERT INTO "sales_categoryofaggregation" VALUES(2,'B','2','description goes here');
INSERT INTO "sales_categoryofaggregation" VALUES(3,'C','3','description goes here');
INSERT INTO "sales_categoryofaggregation" VALUES(4,'D','4','description goes here');
INSERT INTO "sales_categoryofaggregation" VALUES(5,'E','5','description goes here');
INSERT INTO "sales_categoryofaggregation" VALUES(6,'F','6','description goes here');
INSERT INTO "sales_categoryofaggregation" VALUES(7,'G','7','description goes here');
INSERT INTO "sales_categoryofaggregation" VALUES(8,'H','8','description goes here');
INSERT INTO "sales_categoryofaggregation" VALUES(9,'I','9','description goes here');
INSERT INTO "sales_categoryofaggregation" VALUES(10,'J','10','description goes here');
INSERT INTO "sales_categoryofaggregation" VALUES(11,'K','11','description goes here');
INSERT INTO "sales_categoryofaggregation" VALUES(12,'L','12','description goes here');
INSERT INTO "sales_categoryofaggregation" VALUES(13,'M','13','description goes here');
INSERT INTO "sales_categoryofaggregation" VALUES(14,'N','14','description goes here');
INSERT INTO "sales_categoryofaggregation" VALUES(15,'O','15','description goes here');
INSERT INTO "sales_categoryofaggregation" VALUES(16,'P','16','description goes here');
INSERT INTO "sales_categoryofaggregation" VALUES(17,'Q','17','description goes here');
INSERT INTO "sales_categoryofaggregation" VALUES(18,'R','18','description goes here');
INSERT INTO "sales_categoryofaggregation" VALUES(19,'S','19','description goes here');
INSERT INTO "sales_categoryofaggregation" VALUES(20,'T','20','description goes here');
INSERT INTO "sales_categoryofaggregation" VALUES(21,'U','21','description goes here');
INSERT INTO "sales_categoryofaggregation" VALUES(22,'V','22','description goes here');
INSERT INTO "sales_categoryofaggregation" VALUES(23,'W','23','description goes here');
INSERT INTO "sales_categoryofaggregation" VALUES(24,'X','24','description goes here');
INSERT INTO "sales_categoryofaggregation" VALUES(25,'Y','25','description goes here');
INSERT INTO "sales_categoryofaggregation" VALUES(26,'Z','26','description goes here');
DROP TABLE IF EXISTS "sales_component";
CREATE TABLE "sales_component" ("id" integer NOT NULL PRIMARY KEY AUTOINCREMENT, "name" varchar(200) NOT NULL, "code" varchar(5) NULL, "description" text NOT NULL);
INSERT INTO "sales_component" VALUES(1,'MACRO','MAC','Database category description goes here');
INSERT INTO "sales_component" VALUES(2,'MICRO','MIC','Database category description goes here');
DROP TABLE IF EXISTS "sales_concattable";
CREATE TABLE "sales_concattable" ("id" integer NOT NULL PRIMARY KEY AUTOINCREMENT, "name" varchar(200) NOT NULL, "code" varchar(7) NOT NULL, "concat_price" smallint unsigned NOT NULL, "description" text NOT NULL, "avail_from" smallint unsigned NOT NULL, "avail_to" smallint unsigned NOT NULL, "frequency_id" integer NOT NULL REFERENCES "sales_frequency" ("id"), "level_of_aggregation_id" integer NOT NULL REFERENCES "sales_levelofaggregation" ("id"), "table_id" integer NOT NULL REFERENCES "sales_table" ("id"));
DROP TABLE IF EXISTS "sales_concattable_variable";
CREATE TABLE "sales_concattable_variable" ("id" integer NOT NULL PRIMARY KEY AUTOINCREMENT, "concattable_id" integer NOT NULL REFERENCES "sales_concattable" ("id"), "variable_id" integer NOT NULL REFERENCES "sales_variable" ("id"));
DROP TABLE IF EXISTS "sales_database";
CREATE TABLE "sales_database" ("id" integer NOT NULL PRIMARY KEY AUTOINCREMENT, "name" varchar(200) NOT NULL, "code" varchar(3) NULL, "description" text NOT NULL, "component_id" integer NOT NULL REFERENCES "sales_component" ("id"));
INSERT INTO "sales_database" VALUES(1,'Capital Market: Equities, Bonds and Funds','CPM','description goes here',2);
INSERT INTO "sales_database" VALUES(2,'Companies''Financials: Banking Sector','CFB','description goes here',2);
INSERT INTO "sales_database" VALUES(3,'Companies''Financials: Insurance Sector','CFI','description goes here',2);
INSERT INTO "sales_database" VALUES(4,'Companies''Financials: Non-financial Sector','CFN','description goes here',2);
INSERT INTO "sales_database" VALUES(5,'Corporate Governance and Social Responsibility','CGR','description goes here',2);
INSERT INTO "sales_database" VALUES(6,'Job Vacancy and Business Environment Surveys','JVB','description goes here',2);
INSERT INTO "sales_database" VALUES(7,'Survey and Research Resources','SRR','description goes here',2);
DROP TABLE IF EXISTS "sales_factor";
CREATE TABLE "sales_factor" ("id" integer NOT NULL PRIMARY KEY AUTOINCREMENT, "f" varchar(15) NOT NULL, "value" smallint unsigned NOT NULL);
DROP TABLE IF EXISTS "sales_frequency";
CREATE TABLE "sales_frequency" ("id" integer NOT NULL PRIMARY KEY AUTOINCREMENT, "name" varchar(200) NOT NULL, "code" varchar(5) NULL, "description" text NOT NULL, "price" smallint unsigned NOT NULL);
INSERT INTO "sales_frequency" VALUES(1,'DAILY','D','description goes here',200);
INSERT INTO "sales_frequency" VALUES(2,'WEEKLY','W','description goes here',200);
INSERT INTO "sales_frequency" VALUES(3,'MONTHLY','M','description goes here',100);
INSERT INTO "sales_frequency" VALUES(4,'ANNUALLY','A','description goes here',100);
INSERT INTO "sales_frequency" VALUES(5,'STATIC','S','description goes here',150);
DROP TABLE IF EXISTS "sales_levelofaggregation";
CREATE TABLE "sales_levelofaggregation" ("id" integer NOT NULL PRIMARY KEY AUTOINCREMENT, "name" varchar(200) NOT NULL, "code" varchar(5) NULL, "description" text NOT NULL);
INSERT INTO "sales_levelofaggregation" VALUES(1,'FIRM LEVEL','FM','description goes here');
INSERT INTO "sales_levelofaggregation" VALUES(2,'SUB-SECTOR','SS','description goes here');
INSERT INTO "sales_levelofaggregation" VALUES(3,'SECTOR','SC','description goes here');
INSERT INTO "sales_levelofaggregation" VALUES(4,'MARKET','MK','description goes here');
INSERT INTO "sales_levelofaggregation" VALUES(5,'IDUSTRIAL','ID','description goes here');
DROP TABLE IF EXISTS "sales_levelofaggregation_category_of_aggregation";
CREATE TABLE "sales_levelofaggregation_category_of_aggregation" ("id" integer NOT NULL PRIMARY KEY AUTOINCREMENT, "levelofaggregation_id" integer NOT NULL REFERENCES "sales_levelofaggregation" ("id"), "categoryofaggregation_id" integer NOT NULL REFERENCES "sales_categoryofaggregation" ("id"));
INSERT INTO "sales_levelofaggregation_category_of_aggregation" VALUES(1,1,1);
INSERT INTO "sales_levelofaggregation_category_of_aggregation" VALUES(2,1,2);
INSERT INTO "sales_levelofaggregation_category_of_aggregation" VALUES(3,1,3);
INSERT INTO "sales_levelofaggregation_category_of_aggregation" VALUES(4,1,4);
INSERT INTO "sales_levelofaggregation_category_of_aggregation" VALUES(5,1,5);
INSERT INTO "sales_levelofaggregation_category_of_aggregation" VALUES(6,1,6);
INSERT INTO "sales_levelofaggregation_category_of_aggregation" VALUES(7,1,7);
INSERT INTO "sales_levelofaggregation_category_of_aggregation" VALUES(8,1,8);
INSERT INTO "sales_levelofaggregation_category_of_aggregation" VALUES(9,1,9);
INSERT INTO "sales_levelofaggregation_category_of_aggregation" VALUES(10,1,10);
INSERT INTO "sales_levelofaggregation_category_of_aggregation" VALUES(11,1,11);
INSERT INTO "sales_levelofaggregation_category_of_aggregation" VALUES(12,1,12);
INSERT INTO "sales_levelofaggregation_category_of_aggregation" VALUES(13,1,13);
INSERT INTO "sales_levelofaggregation_category_of_aggregation" VALUES(14,2,1);
INSERT INTO "sales_levelofaggregation_category_of_aggregation" VALUES(15,2,2);
INSERT INTO "sales_levelofaggregation_category_of_aggregation" VALUES(16,2,3);
INSERT INTO "sales_levelofaggregation_category_of_aggregation" VALUES(17,2,4);
INSERT INTO "sales_levelofaggregation_category_of_aggregation" VALUES(18,2,5);
INSERT INTO "sales_levelofaggregation_category_of_aggregation" VALUES(19,2,6);
INSERT INTO "sales_levelofaggregation_category_of_aggregation" VALUES(20,3,1);
INSERT INTO "sales_levelofaggregation_category_of_aggregation" VALUES(21,3,2);
INSERT INTO "sales_levelofaggregation_category_of_aggregation" VALUES(22,3,3);
INSERT INTO "sales_levelofaggregation_category_of_aggregation" VALUES(23,3,4);
INSERT INTO "sales_levelofaggregation_category_of_aggregation" VALUES(24,4,24);
INSERT INTO "sales_levelofaggregation_category_of_aggregation" VALUES(25,4,25);
INSERT INTO "sales_levelofaggregation_category_of_aggregation" VALUES(26,4,26);
INSERT INTO "sales_levelofaggregation_category_of_aggregation" VALUES(27,4,22);
INSERT INTO "sales_levelofaggregation_category_of_aggregation" VALUES(28,4,23);
INSERT INTO "sales_levelofaggregation_category_of_aggregation" VALUES(29,5,10);
INSERT INTO "sales_levelofaggregation_category_of_aggregation" VALUES(30,5,11);
INSERT INTO "sales_levelofaggregation_category_of_aggregation" VALUES(31,5,12);
INSERT INTO "sales_levelofaggregation_category_of_aggregation" VALUES(32,5,13);
INSERT INTO "sales_levelofaggregation_category_of_aggregation" VALUES(33,5,14);
DROP TABLE IF EXISTS "sales_period";
CREATE TABLE "sales_period" ("id" integer NOT NULL PRIMARY KEY AUTOINCREMENT, "period_from" smallint unsigned NOT NULL, "period_to" smallint unsigned NOT NULL, "description" text NOT NULL, "factor_id" integer NOT NULL UNIQUE REFERENCES "sales_factor" ("id"));
DROP TABLE IF EXISTS "sales_table";
CREATE TABLE "sales_table" ("id" integer NOT NULL PRIMARY KEY AUTOINCREMENT, "name" varchar(200) NOT NULL, "code" varchar(3) NOT NULL, "description" text NOT NULL, "database_id" integer NOT NULL REFERENCES "sales_database" ("id"));
DROP TABLE IF EXISTS "sales_table_frequency";
CREATE TABLE "sales_table_frequency" ("id" integer NOT NULL PRIMARY KEY AUTOINCREMENT, "table_id" integer NOT NULL REFERENCES "sales_table" ("id"), "frequency_id" integer NOT NULL REFERENCES "sales_frequency" ("id"));
DROP TABLE IF EXISTS "sales_table_level_of_aggregation";
CREATE TABLE "sales_table_level_of_aggregation" ("id" integer NOT NULL PRIMARY KEY AUTOINCREMENT, "table_id" integer NOT NULL REFERENCES "sales_table" ("id"), "levelofaggregation_id" integer NOT NULL REFERENCES "sales_levelofaggregation" ("id"));
DROP TABLE IF EXISTS "sales_userrequest";
CREATE TABLE "sales_userrequest" ("id" integer NOT NULL PRIMARY KEY AUTOINCREMENT, "user" varchar(200) NOT NULL, "table" varchar(200) NOT NULL, "level_of_agregation" varchar(100) NOT NULL, "frequency" varchar(50) NOT NULL, "code" varchar(10) NOT NULL, "concat_price" smallint unsigned NOT NULL, "years" varchar(200) NOT NULL, "variables" varchar(200) NOT NULL, "categories_of_aggregation" varchar(200) NOT NULL, "request_time" datetime NOT NULL, "data_price" integer NOT NULL, "purchased" bool NOT NULL);
DROP TABLE IF EXISTS "sales_variable";
CREATE TABLE "sales_variable" ("id" integer NOT NULL PRIMARY KEY AUTOINCREMENT, "name" varchar(200) NOT NULL, "code" varchar(5) NOT NULL, "price" integer NOT NULL, "description" text NOT NULL);
